02.12.2014 17:04:14;0;v3wvlvfv.jva;
02.12.2013 17:04:14;1;ymjpqewg.0zu;
02.12.2012 17:04:14;2;d1rm0knp.ymy;
02.12.2011 17:04:14;3;gydxppyi.s4o;
02.12.2010 17:04:14;4;hd4ntlbk.ak5;
02.12.2009 17:04:14;5;dsnyqotm.hqz;
02.12.2008 17:04:14;6;kxbno3qa.sw0;
02.12.2007 17:04:14;7;sszjgpbj.w1i;
02.12.2006 17:04:14;8;f12gkvpg.euq;
02.12.2005 17:04:14;9;ekiewo0o.jw4;
02.12.2004 17:04:14;10;eezqwvqg.xot;
02.12.2003 17:04:14;11;2kmd1ver.dni;
02.12.2002 17:04:14;12;s2w2hz1b.khj;
02.12.2001 17:04:14;13;shegxunu.acm;
02.12.2000 17:04:14;14;3t3aitxy.bgd;
02.12.1999 17:04:14;15;cqnu2cab.ofv;
02.12.1998 17:04:14;16;yqc4g3uq.y5o;
02.12.1997 17:04:14;17;zh40lwsb.qmn;
02.12.1996 17:04:14;18;ctda5a0n.wxo;
02.12.1995 17:04:14;19;uuam2hwj.mg5;
02.12.1994 17:04:14;20;fmmsefa1.ykb;
02.12.1993 17:04:14;21;jc3tr5ls.zfu;
02.12.1992 17:04:14;22;0b4nsxp2.kf4;
02.12.1991 17:04:14;23;sm2wtwae.wcg;
02.12.1990 17:04:14;24;uxrl0d1z.g2t;
02.12.1989 17:04:14;25;y10g1c2h.1sg;
02.12.1988 17:04:14;26;oyyupnn3.jmu;
02.12.1987 17:04:14;27;3vttoj0j.qmx;
02.12.1986 17:04:14;28;eeqv0bxe.4f0;
02.12.1985 17:04:14;29;exeuq2gp.1v3;
02.12.1984 17:04:14;30;cbqqexx0.oji;
02.12.1983 17:04:14;31;cfvupkfz.rvp;
02.12.1982 17:04:14;32;c5eli53v.x1r;
02.12.1981 17:04:14;33;m5jki1ax.q51;
02.12.1980 17:04:14;34;n51bjoi4.nnu;
02.12.1979 17:04:14;35;depctrrl.m4m;
02.12.1978 17:04:14;36;1kwijofa.pki;
02.12.1977 17:04:14;37;c0rkkedj.l3e;
02.12.1976 17:04:14;38;ugyd2xz2.5q2;
02.12.1975 17:04:14;39;kchl1045.lco;
02.12.1974 17:04:14;40;o3oc2tt3.0dw;
02.12.1973 17:04:14;41;e5opfwi0.oq1;
02.12.1972 17:04:14;42;wa0usebo.rbn;
02.12.1971 17:04:14;43;0cmue3t4.z1s;
02.12.1970 17:04:14;44;xujz5mgj.5ml;
02.12.1969 17:04:14;45;ajwkrsnv.lfg;
02.12.1968 17:04:14;46;5y3g4z4r.usq;
02.12.1967 17:04:14;47;q4z3qb3u.rwy;
02.12.1966 17:04:14;48;cfqfequ3.l3t;
02.12.1965 17:04:14;49;gguc5maq.4l3;
02.12.1964 17:04:14;50;5dxvyrnl.o54;
02.12.1963 17:04:14;51;3bdlnnw3.o2u;
02.12.1962 17:04:14;52;4rm2w5px.snr;
02.12.1961 17:04:14;53;a5t1ctyd.fvq;
02.12.1960 17:04:14;54;ki45afss.whh;
02.12.1959 17:04:14;55;1i4u41up.qub;
02.12.1958 17:04:14;56;kijxzj34.pdk;
02.12.1957 17:04:14;57;ow0k4czw.cy5;
02.12.1956 17:04:14;58;3mvpk4za.fqk;
02.12.1955 17:04:14;59;2v25zka5.wrm;
02.12.1954 17:04:14;60;k2tunz5t.3uj;
02.12.1953 17:04:14;61;ofeoimtq.vrf;
02.12.1952 17:04:14;62;tonunl31.41u;
02.12.1951 17:04:14;63;jmjaaozj.5mz;
02.12.1950 17:04:14;64;syhyhj2o.0qw;
02.12.1949 17:04:14;65;x04ouq3n.4or;
02.12.1948 17:04:14;66;5nmzevc3.bz5;
02.12.1947 17:04:14;67;bsvxyk4w.r0u;
02.12.1946 17:04:14;68;ofph4h51.05z;
02.12.1945 17:04:14;69;1ixgyefx.nre;
02.12.1944 17:04:14;70;urjwqkz0.yj2;
02.12.1943 17:04:14;71;uxffze5l.qev;
02.12.1942 17:04:14;72;i513nuwh.s1v;
02.12.1941 17:04:14;73;vlxtlntg.3m1;
02.12.1940 17:04:14;74;vl3bota1.iy1;
02.12.1939 17:04:14;75;4sqeisfr.0yy;
02.12.1938 17:04:14;76;ika0guqn.cho;
02.12.1937 17:04:14;77;n4vygzla.w2h;
02.12.1936 17:04:14;78;w33jzgq3.ttq;
02.12.1935 17:04:14;79;odyfzk2j.dvy;
02.12.1934 17:04:14;80;xjpdhj1l.wgo;
02.12.1933 17:04:14;81;hubn1fr4.ld0;
02.12.1932 17:04:14;82;on1rmwyh.2g2;
02.12.1931 17:04:14;83;5glxv2c5.rlh;
02.12.1930 17:04:14;84;puylu5d5.4bp;
02.12.1929 17:04:14;85;3namiftt.viv;
02.12.1928 17:04:14;86;5tjlqae5.pyn;
02.12.1927 17:04:14;87;ufej3hla.0lo;
02.12.1926 17:04:14;88;2r0rca1q.fvm;
02.12.1925 17:04:14;89;haparxf1.d03;
02.12.1924 17:04:14;90;a3qcu3jc.wcj;
02.12.1923 17:04:14;91;3jlz5145.rfs;
02.12.1922 17:04:14;92;esrfjnxg.whi;
02.12.1921 17:04:14;93;tf5vfajn.n2n;
02.12.1920 17:04:14;94;mjolnuel.1zn;
02.12.1919 17:04:14;95;fe5fo0ey.20p;
02.12.1918 17:04:14;96;wejkx4fu.kq2;
02.12.1917 17:04:14;97;54l1szkj.fn5;
02.12.1916 17:04:14;98;chdest3b.4h3;
02.12.1915 17:04:14;99;idnninxw.dui;
